id	category	title
12937908	FOOTWEAR	Nike Air Force 1 React Men's Shoe
12848276	FOOTWEAR	Nike Air Force 1 React Men's Shoe
12848285	FOOTWEAR	Nike Air Force 1 React Men's Shoe
12794579	FOOTWEAR	Nike Air Force 1 React Men's Shoe
13010663	FOOTWEAR	Nike Air Max 95 Essential Men's Shoe
13013059	FOOTWEAR	Nike Air Max 95 Essential Men's Shoe
13010661	FOOTWEAR	Nike Air Max 95 Essential Men's Shoe
12635191	APPAREL	Nike Sportswear Club Fleece Crew
12635219	APPAREL	Nike Sportswear Club Fleece Crew
12792488	APPAREL	Nike Sportswear Club Fleece Crew
12641742	APPAREL	Nike Sportswear Club Fleece Crew
12635222	APPAREL	Nike Sportswear Club Fleece Crew
12946415	APPAREL	Nike Sportswear Club Fleece Crew
13014098	APPAREL	Nike Sportswear Club Fleece Crew
12946476	APPAREL	Nike Sportswear Club Fleece Crew
12946222	APPAREL	Nike Sportswear Club Fleece Crew
13014140	APPAREL	Nike Sportswear Club Fleece Crew
12946472	APPAREL	Nike Sportswear Club Fleece Crew
12916151	EQUIPMENT	Philadelphia 76ers Courtside Nike NBA Crew Socks
13026257	FOOTWEAR	Nike Alpha Huarache Elite 3 Turf Women's Softball Shoe
12934922	FOOTWEAR	Nike React Infinity Pro Golf Shoe
12934942	FOOTWEAR	Nike React Infinity Pro Golf Shoe
12885666	FOOTWEAR	Nike React Infinity Pro Golf Shoe
12856205	FOOTWEAR	Nike React Infinity Pro Golf Shoe
12856060	FOOTWEAR	Nike React Infinity Pro Golf Shoe
12885668	FOOTWEAR	Nike React Infinity Pro Golf Shoe
12856202	FOOTWEAR	Nike React Infinity Pro Golf Shoe
12856203	FOOTWEAR	Nike React Infinity Pro Golf Shoe
12627004	FOOTWEAR	NIke Benassi LX Women's Sandal
12801090	APPAREL	Nike Shield Women's Running Jacket
12214974	APPAREL	Buddy Hield Sacramento Kings Nike Icon Edition Swingman Big Kids' NBA Jersey
13072034	APPAREL	Atlanta Hawks City Edition Nike NBA Swingman Jersey
13028429	APPAREL	Nike Player (NFL Rams) Men's Lightweight Jacket
13085804	FOOTWEAR	"Air Jordan XXXV ""Sisterhood"" Basketball Shoe"
12920379	FOOTWEAR	Nike Air Max Impact Basketball Shoe
12583252	FOOTWEAR	Nike Phantom Vision Academy Dynamic Fit MG Multi-Ground Soccer Cleat
12627356	FOOTWEAR	Nike Phantom Vision Academy Dynamic Fit MG Multi-Ground Soccer Cleat
12715433	FOOTWEAR	Nike Phantom Vision Academy Dynamic Fit MG Multi-Ground Soccer Cleat
12861504	FOOTWEAR	Nike Air Max 97 Men's Shoe
12746218	EQUIPMENT	Nike Little Kids Crew Socks (6 Pairs)
12994116	FOOTWEAR	Zoom Freak 1 'All Bros 4' GE Basketball Shoe
12862057	APPAREL	Club América Academy Pro Men's Short-Sleeve Soccer Top
13019639	FOOTWEAR	Nike Hoodland Men's Boot
13019527	FOOTWEAR	Nike Hoodland Men's Boot
13014302	APPAREL	Golden State Warriors Courtside City Edition Men's Nike NBA T-Shirt
13052453	FOOTWEAR	Nike Air Max Plus Men's Shoe
12699501	APPAREL	76ers Classic Edition Men's Nike NBA T-Shirt
12940924	FOOTWEAR	Nike Air Zoom Pegasus 37 (Tennessee Titans) Running Shoe
12940918	FOOTWEAR	Nike Air Zoom Pegasus 37 (Green Bay Packers) Running Shoe
12940842	FOOTWEAR	Nike Air Zoom Pegasus 37 (Los Angeles Rams) Running Shoe
12924086	FOOTWEAR	Nike Air Zoom Pegasus 37 (New England Patriots) Running Shoe
12940828	FOOTWEAR	Nike Air Zoom Pegasus 37 (Jacksonville Jaguars) Running Shoe
12940836	FOOTWEAR	Nike Air Zoom Pegasus 37 (Denver Broncos) Running Shoe
12940821	FOOTWEAR	Nike Air Zoom Pegasus 37 (Baltimore Ravens) Running Shoe
12940935	FOOTWEAR	Nike Air Zoom Pegasus 37 (Carolina Panthers) Running Shoe
12940853	FOOTWEAR	Nike Air Zoom Pegasus 37 (New York Giants) Running Shoe
12940807	FOOTWEAR	Nike Air Zoom Pegasus 37 (Las Vegas Raiders) Running Shoe
12940835	FOOTWEAR	Nike Air Zoom Pegasus 37 (Houston Texans) Running Shoe
12940921	FOOTWEAR	Nike Air Zoom Pegasus 37 (Arizona Cardinals) Running Shoe
12940926	FOOTWEAR	Nike Air Zoom Pegasus 37 (Chicago Bears) Running Shoe
12940843	FOOTWEAR	Nike Air Zoom Pegasus 37 (Indianapolis Colts) Running Shoe
13048834	FOOTWEAR	Nike Air Zoom Pegasus 37 (Dallas Cowboys) Running Shoe
12940920	FOOTWEAR	Nike Air Zoom Pegasus 37 (New York Jets) Running Shoe
12940858	FOOTWEAR	Nike Air Zoom Pegasus 37 (Seattle Seahawks) Running Shoe
12940827	FOOTWEAR	Nike Air Zoom Pegasus 37 (Atlanta Falcons) Running Shoe
12940830	FOOTWEAR	Nike Air Zoom Pegasus 37 (Cleveland Browns) Running Shoe
13072722	APPAREL	Portland Trail Blazers Showtime City Edition Men's Nike Therma Flex NBA Hoodie
12784655	FOOTWEAR	Nike Zoom Gravity Women's Running Shoe
12636212	FOOTWEAR	Nike Zoom Gravity Women's Running Shoe
12794014	APPAREL	Brasil 2020 Vapor Match Home Men's Soccer Jersey
13018063	FOOTWEAR	"Jordan 1 Mid ""Dia De Muertos"" Little Kids' Shoe"
13025785	FOOTWEAR	PG 4 PCG Basketball Shoe
13047443	FOOTWEAR	Nike React Vision By You Custom Lifestyle Shoe
12911553	APPAREL	Jordan College Therma (UNC) Women's Long-Sleeve 1/2-Zip Fleece
12934908	FOOTWEAR	Mamba Fury (Team) Basketball Shoe
12929563	FOOTWEAR	Mamba Fury (Team) Basketball Shoe
12934897	FOOTWEAR	Mamba Fury (Team) Basketball Shoe
12929473	FOOTWEAR	Mamba Fury (Team) Basketball Shoe
12872297	FOOTWEAR	Nike Air Max 97 FP Big Kids' Shoe
12915633	FOOTWEAR	Nike Air Max 97 Big Kids' Shoe
12872360	FOOTWEAR	Nike Air Max 97 DTN Big Kids' Shoe
11644558	FOOTWEAR	Nike Air Max 97 Big Kids’ Shoe
12870923	FOOTWEAR	Nike Air Max 97 Big Kids’ Shoe
12634416	FOOTWEAR	Nike Air Max 97 Big Kids’ Shoe
13027529	FOOTWEAR	Nike Air Max 97 Big Kids’ Shoe
12550507	FOOTWEAR	Nike Air Max 97 Big Kids’ Shoe
13026287	FOOTWEAR	Nike Revolution 5 Premium Women's Running Shoe
12983912	FOOTWEAR	Nike Revolution 5 Women's Running Shoe
12894408	FOOTWEAR	Nike Revolution 5 Women's Running Shoe
12845178	FOOTWEAR	Nike Revolution 5 Women's Running Shoe
12719301	FOOTWEAR	Nike Revolution 5 Women's Running Shoe (Wide)
12719413	FOOTWEAR	Nike Revolution 5 Women's Running Shoe
12719008	FOOTWEAR	Nike Revolution 5 Women's Running Shoe
12929841	FOOTWEAR	Nike Revolution 5 Women's Running Shoe
12719415	FOOTWEAR	Nike Revolution 5 Women's Running Shoe
12929639	FOOTWEAR	Nike Revolution 5 Women's Running Shoe
12929640	FOOTWEAR	Nike Revolution 5 Women's Running Shoe
12719299	FOOTWEAR	Nike Revolution 5 Women's Running Shoe
13026312	FOOTWEAR	Nike Revolution 5 Women's Running Shoe
12719311	FOOTWEAR	Nike Revolution 5 Women's Running Shoe
12719416	FOOTWEAR	Nike Revolution 5 Women's Running Shoe (Wide)
12769497	FOOTWEAR	Jordan Mars 270 Big Kids' Shoe
12809622	FOOTWEAR	Jordan Mars 270 Big Kids' Shoe
12719782	FOOTWEAR	Jordan Mars 270 Big Kids' Shoe
12722271	FOOTWEAR	Jordan Mars 270 Big Kids' Shoe
12719783	FOOTWEAR	Jordan Mars 270 Big Kids' Shoe
13064485	APPAREL	Nike College (Villanova) Men's Long-Sleeve T-Shirt
13064718	APPAREL	Nike College (Michigan) Men's Long-Sleeve T-Shirt
12631109	EQUIPMENT	New York Knicks Elite Nike NBA Crew Socks
12929553	FOOTWEAR	LeBron Soldier 14 Basketball Shoe
13029873	APPAREL	Nike Wordmark (NFL Jets) Men's Hoodie
12849680	FOOTWEAR	Jordan 1 Mid Little Kids' Shoe
12931215	FOOTWEAR	Jordan 1 Mid Little Kids' Shoe
12835915	APPAREL	England Tech Pack Men's Full-Zip Hoodie
13018277	FOOTWEAR	Nike Air Max 97 Women's Shoe
13018276	FOOTWEAR	Nike Air Max 97 Women's Shoe
12910895	FOOTWEAR	Nike Air Max 97 Women's Shoe
12896378	FOOTWEAR	Nike Air Max 97 Women's Shoe
12996021	APPAREL	Jordan College Spotlight (Oklahoma) Men's Pants
13097213	FOOTWEAR	Nike Air Force 1 '07 LV8 Big Kids' Shoe
13097211	FOOTWEAR	Nike Air Force 1 '07 LV8 Big Kids' Shoe
13026367	FOOTWEAR	Nike Air Force 1 '07 Big Kids' Shoe
12999780	FOOTWEAR	Nike Air Max 270 Men's Shoe
12016993	FOOTWEAR	Nike Air Max 270 Men's Shoe
12016989	FOOTWEAR	Nike Air Max 270 Men's Shoe
12114664	FOOTWEAR	Nike Air Max 270 Men's Shoe
12451205	FOOTWEAR	Nike Air Max 270 Men's Shoe
12325189	FOOTWEAR	Nike Air Max 270 Men's Shoe
12016988	FOOTWEAR	Nike Air Max 270 Men's Shoe
12227307	FOOTWEAR	Nike Air Max 270 Men's Shoe
12940902	EQUIPMENT	Nike Goalkeeper Grip3 Soccer Gloves
12437503	APPAREL	Charlotte Hornets Nike x Filip Pagowski Men's NBA T-Shirt
12994256	APPAREL	Jordan Flight Men's Fleece Pants
12334338	FOOTWEAR	Nike Air Max 95 OG Shoe
12334337	FOOTWEAR	Nike Air Max 95 OG Shoe
12990707	FOOTWEAR	Nike Air Force 1 LV8 1 Big Kids' Shoe
12788917	FOOTWEAR	Nike Air Max 97 Men's Shoe
12788988	FOOTWEAR	Nike Air Max 97 Men's Shoe
12788984	FOOTWEAR	Nike Air Max 97 Men's Shoe
12789076	FOOTWEAR	Nike Air Max 97 Men's Shoe
13015008	APPAREL	Memphis Grizzlies City Edition Logo Men's Nike NBA Pullover Hoodie
13019541	FOOTWEAR	Nike Rhyodomo Men's Shoe
12721288	FOOTWEAR	Nike Rhyodomo Men's Shoe
12721369	FOOTWEAR	Nike Rhyodomo Men's Shoe
12849507	FOOTWEAR	Air Jordan 1 Mid Shoe
12849506	FOOTWEAR	Air Jordan 1 Mid Shoe
12627485	APPAREL	Oklahoma City Thunder Icon Edition Men's Nike NBA Swingman Shorts
12951590	APPAREL	Knicks Courtside Men's Nike NBA Pullover Hoodie
12856492	APPAREL	England 2020 Vapor Match Away Men's Soccer Jersey
12914758	FOOTWEAR	Nike Air Force 1 '07 LV8 Men's Shoe
12968835	FOOTWEAR	Nike Blazer Mid '77 NRG Men's Shoe
12437476	APPAREL	Milwaukee Bucks Nike x Filip Pagowski Men's NBA T-Shirt
13028428	APPAREL	Nike Player (NFL Raiders) Men's Lightweight Jacket
12995980	APPAREL	Nike College Dri-FIT DNA (Arizona) Men's Shorts
12768531	APPAREL	Jordan Legacy AJ4 Pants
12914684	FOOTWEAR	Nike Air Max 97 Men's Shoe
12951126	FOOTWEAR	Nike Air Force 1 LV8 2 Big Kids' Shoe
12951167	FOOTWEAR	Nike Air Force 1 LV8 2 Big Kids' Shoe
12908208	FOOTWEAR	Nike Air Zoom Vomero 14 Women's Running Shoe (Wide)
13022786	FOOTWEAR	Nike Air Max Goadome Men's Boot
12847405	EQUIPMENT	Nike Knit Headband
13131306	APPAREL	Jordan AJ4 Men's Graphic T-Shirt
13098171	APPAREL	Jordan AJ4 Men's Graphic T-Shirt
12437510	APPAREL	Sacramento Kings Nike x Filip Pagowski Men's NBA T-Shirt
13018064	FOOTWEAR	Air Jordan 1 Mid SE Big Kids' Shoe
12849563	FOOTWEAR	Nike Benassi Duo Ultra Women's Slide
10872909	FOOTWEAR	Nike Benassi Duo Ultra Women's Slide
12794018	APPAREL	U.S. 2020 Vapor Match Away Men's Soccer Jersey
12974986	FOOTWEAR	Zoom Freak 2 Naija Basketball Shoe
12863675	FOOTWEAR	Jordan Air Max 200 Big Kids' Shoe
12861669	FOOTWEAR	Nike Air Max 270 React Women's Shoe
12860268	FOOTWEAR	Nike Air Max 270 React Women's Shoe
12861665	FOOTWEAR	Nike Air Max 270 React Women's Shoe
12860346	FOOTWEAR	Nike Air Max 270 React SE Women's Shoe
12860266	FOOTWEAR	Nike Air Max 270 React Women's Shoe
12860257	FOOTWEAR	Nike Air Max 270 React Women's Shoe
12817831	FOOTWEAR	Nike Air Max 270 React Women's Shoe
12792812	FOOTWEAR	Nike Air Max 270 React Women's Shoe
12792807	FOOTWEAR	Nike Air Max 270 React Women's Shoe
13016039	APPAREL	Club América Women's Pre-Match Soccer Top
12816266	APPAREL	England 2020 Stadium Away Big Kids' Soccer Jersey
13097228	APPAREL	Jordan AJ4 Graphic Fleece Pants
12788445	FOOTWEAR	Nike Air Max 1 G Men's Golf Shoe
12788485	FOOTWEAR	Nike Air Max 1 G Men's Golf Shoe
13000732	FOOTWEAR	Nike Air Max 1 G Men's Golf Shoe
12821172	FOOTWEAR	LeBron Soldier 13 LA Big Kids' Basketball Shoe
12860309	APPAREL	Inter Milan 2020/21 Vapor Match Home Men's Soccer Jersey
12927461	FOOTWEAR	Nike Air Max 90 Men's Shoe
12715609	FOOTWEAR	Nike Air Max 95 Utility Men's Shoe
12715500	FOOTWEAR	Nike Air Max 95 Utility Men's Shoe
12715600	FOOTWEAR	Nike Air Max 95 Utility Men's Shoe
12789885	FOOTWEAR	Nike Cortez Basic Premium Men's Shoe
12997086	FOOTWEAR	Nike Air Max 95 Men's Shoe
12571864	APPAREL	Nike College Dri-FIT Coach (Virginia Tech) Men's Shorts
11456199	FOOTWEAR	Nike Cortez Basic Baby/Toddler Shoe
11456196	FOOTWEAR	Nike Cortez Basic Baby/Toddler Shoe
11607738	FOOTWEAR	Nike Cortez Basic Baby/Toddler Shoe
12865331	FOOTWEAR	Air Jordan 1 Low SE Shoe
12865327	FOOTWEAR	Air Jordan 1 Low SE Shoe
13019687	FOOTWEAR	Nike Blazer Mid '77 Vintage Women's Shoe
13019644	FOOTWEAR	Nike Blazer Mid '77 Vintage Women's Shoe
12940512	FOOTWEAR	Nike Blazer Mid '77 Vintage Women's Shoe
12940490	FOOTWEAR	Nike Blazer Mid '77 Vintage Women's Shoe
12940511	FOOTWEAR	Nike Blazer Mid '77 Vintage Women's Shoe
12989871	FOOTWEAR	Nike Blazer Mid '77 Vintage Women's Shoe
12940098	FOOTWEAR	Nike Blazer Mid '77 Vintage Women's Shoe
13019668	FOOTWEAR	Nike Blazer Mid '77 Vintage Women's Shoe
12916132	EQUIPMENT	Golden State Warriors Courtside Nike NBA Crew Socks
12530801	FOOTWEAR	Nike Air Zoom Victory Tour Men's Golf Shoe
12544568	FOOTWEAR	Nike Air Zoom Victory Tour Men's Golf Shoe
12530802	FOOTWEAR	Nike Air Zoom Victory Tour Men's Golf Shoe
12929754	FOOTWEAR	Nike Air Zoom Victory Tour Men's Golf Shoe
12787961	FOOTWEAR	Nike Air Zoom Victory Tour Men's Golf Shoe
10028431	FOOTWEAR	Nike SFB Jungle Tactical Boot
10872916	FOOTWEAR	Nike Cortez Basic Shoe
10872918	FOOTWEAR	Nike Cortez Basic Shoe
12707019	FOOTWEAR	Nike Cortez Basic Shoe
10872917	FOOTWEAR	Nike Cortez Basic Shoe
11253640	FOOTWEAR	Nike Cortez Basic Leather OG Men's Shoe
12950334	FOOTWEAR	Nike Air Max 97 Big Kids’ Shoe
12950333	FOOTWEAR	Nike Air Max 97 Big Kids’ Shoe
12914294	FOOTWEAR	Nike React Presto Men's Shoe
12954106	APPAREL	Kylian Mbappé Big Kids' Fleece Soccer Pants
12704196	FOOTWEAR	LeBron Soldier 13 SFG (Team) Basketball Shoe
12704420	FOOTWEAR	LeBron Soldier 13 SFG (Team) Basketball Shoe
12934904	FOOTWEAR	"LeBron 17 ""Cold Blue"" Basketball Shoe"
12847951	FOOTWEAR	"LeBron 17 ""Graffiti"" Basketball Shoe"
13046599	FOOTWEAR	Nike Air VaporMax Plus Men's Shoe
12926411	FOOTWEAR	Nike Mercurial Vapor 13 Pro FG Firm-Ground Soccer Cleat
12926307	FOOTWEAR	Nike Mercurial Vapor 13 Pro FG Firm-Ground Soccer Cleat
12627311	FOOTWEAR	Nike Mercurial Vapor 13 Pro FG Firm-Ground Soccer Cleat
12787371	FOOTWEAR	Nike Mercurial Vapor 13 Pro FG Firm-Ground Soccer Cleat
12996013	APPAREL	Nike College Dri-FIT DNA (Oklahoma) Men's Shorts
12861910	APPAREL	Chelsea FC 2020/21 Vapor Match Away Men's Soccer Jersey
13142075	EQUIPMENT	Nike Tech Fleece Gloves
13143941	EQUIPMENT	Nike Tech Fleece Gloves
12858562	APPAREL	Jordan Photo Men's T-Shirt
13097224	APPAREL	Jordan AJ4 Men's Graphic Fleece Shorts
13068400	FOOTWEAR	Nike Air Force 1 '07 Men's Shoe
13008139	FOOTWEAR	Nike Air Force 1 '07 Men's Shoe
13014299	APPAREL	Golden State Warriors City Edition Men's Nike Dri-FIT NBA T-Shirt
13009263	FOOTWEAR	Nike Air Max 90 Slide
12786032	FOOTWEAR	Nike Air Max 90 Slide
12855589	FOOTWEAR	Nike Air Max 90 Slide
12767743	FOOTWEAR	Nike Air Max 95 Men's Shoe
12995749	APPAREL	Jordan College Spotlight (Michigan) Men's Pants
13010667	FOOTWEAR	Air Jordan 1 Mid SE Women's Shoe
12715584	FOOTWEAR	Nike Air VaporMax 2019 Utility Men's Shoe
12715617	FOOTWEAR	Nike Air VaporMax 2019 Utility Men's Shoe
12940471	FOOTWEAR	"Kyrie Low 3 ""Harmony"" Basketball Shoe"
12990791	FOOTWEAR	Nike Air Max 1 Men's Shoe
13026023	FOOTWEAR	Nike Free Metcon 3 Women's Training Shoe
12935325	FOOTWEAR	Nike Free Metcon 3 Women's Training Shoe
12935178	FOOTWEAR	Nike Free Metcon 3 Women's Training Shoe
12831848	FOOTWEAR	Nike React Presto Big Kids' Shoe
12634443	FOOTWEAR	Nike React Presto Big Kids' Shoe
12871528	FOOTWEAR	Nike React Presto Big Kids' Shoe
12871623	FOOTWEAR	Nike React Presto Big Kids' Shoe
12799295	FOOTWEAR	Nike React Presto Big Kids' Shoe
10006099	FOOTWEAR	Nike Benassi JDI Women's Slide
12125129	FOOTWEAR	Nike Benassi JDI Women's Slide
10006097	FOOTWEAR	Nike Benassi JDI Women's Slide
12624366	FOOTWEAR	Nike Benassi JDI Women's Slide
10070695	FOOTWEAR	Nike Benassi JDI Women's Slide
12849476	FOOTWEAR	Nike Benassi JDI Women's Slide
12989965	FOOTWEAR	Nike Benassi JDI Women's Slide
12125736	FOOTWEAR	Nike Benassi JDI Women's Slide
12558136	FOOTWEAR	Jordan Big Fund Men's Shoe
13146503	FOOTWEAR	Nike Air Force 1 Big Kids' Shoe
13146502	FOOTWEAR	Nike Air Force 1 Big Kids' Shoe
12951291	FOOTWEAR	Nike Air Force 1 LV8 1 Big Kids' Shoe
12936209	APPAREL	Atlético de Madrid 2020/21 Vapor Match Third Men's Soccer Jersey
12975431	FOOTWEAR	Nike Air Zoom Pegasus 37 Men's Running Shoe (Extra Wide)
13030065	APPAREL	Nike Player (NFL Giants) Men's Lightweight Jacket
12160283	FOOTWEAR	Air Jordan Future Men's Shoe
12799147	FOOTWEAR	Nike Kawa SE MC Little/Big Kids' Slide
10872044	FOOTWEAR	Nike Kawa Little/Big Kids' Slide
12995890	APPAREL	Nike College Dri-FIT DNA (West Virginia) Men's Shorts
13014100	FOOTWEAR	Nike Air Max 90 Twist Women's Shoe
12907666	APPAREL	Nigeria 2020 Stadium Away Men's Soccer Shorts
12544749	FOOTWEAR	Jordan ADG Men's Golf Shoe
12544748	FOOTWEAR	Jordan ADG Men's Golf Shoe
12847330	EQUIPMENT	Nike Tech Grip Kids' Knit Gloves
12862390	APPAREL	Nike Sportswear Women's Woven Jacket
12789897	FOOTWEAR	Nike React Sertu Men's Shoe
12723318	FOOTWEAR	Nike React Sertu Men's Shoe
12723323	FOOTWEAR	Nike React Sertu Men's Shoe
12789896	FOOTWEAR	Nike React Sertu Men's Shoe
12847967	FOOTWEAR	Nike React Sertu Men's Shoe
12848284	FOOTWEAR	Nike React Sertu Men's Shoe
12847666	FOOTWEAR	Nike React Sertu Men's Shoe
12626754	FOOTWEAR	Nike React Sertu Men's Shoe
13060995	APPAREL	Nike Sportswear Women's Woven Jacket (Plus Size)
12806193	APPAREL	Nike Yoga Women's 7/8 Tights (Plus Size)
13026402	FOOTWEAR	Nike Alpha Huarache Elite 3 Turf Women's Softball Shoe
12946238	FOOTWEAR	Nike Alpha Huarache Elite 3 Turf Women's Softball Shoe
12994044	FOOTWEAR	Nike Alpha Huarache Elite 3 Turf Women's Softball Shoe
12973941	APPAREL	Nike Sportswear Big Kids' Pants
12937640	APPAREL	Nike Sportswear Big Kids' Pants
12836042	FOOTWEAR	Nike Air VaporMax Plus Men's Shoe
12437418	APPAREL	Denver Nuggets Nike x Filip Pagowski Men's NBA T-Shirt
13011002	APPAREL	Golden State Warriors City Edition Courtside Women's Nike NBA Pullover Hoodie
13014998	APPAREL	Houston Rockets City Edition Logo Men's Nike NBA Pullover Hoodie
12914759	FOOTWEAR	Nike Air Max 1 Men's Shoe
12788919	FOOTWEAR	Nike Air Max 90 Men's Shoe
12789093	FOOTWEAR	Nike Air Max 90 Men's Shoe
12789080	FOOTWEAR	Nike Air Max 90 Men's Shoe
12789178	FOOTWEAR	Nike Air Max 90 Men's Shoe
12940151	FOOTWEAR	Nike Air Max 95 Men's Shoe
13012309	APPAREL	Nike F.C. South Mexico City Men's Soccer T-Shirt
12238240	FOOTWEAR	"Jordan ""Why Not?"" ZER0.1 Men's Basketball Shoe"
12995907	APPAREL	Nike College Dri-FIT DNA (Oregon) Men's Shorts
12816269	APPAREL	Portugal 2020 Stadium Home Big Kids' Soccer Jersey
13053032	FOOTWEAR	Air Jordan 1 Mid SE Men's Shoe
13025641	FOOTWEAR	Nike Alpha Huarache 7 Elite Lacrosse Cleat
13025851	FOOTWEAR	Nike Alpha Huarache 7 Elite Lacrosse Cleat
13036691	FOOTWEAR	Nike Alpha Huarache 7 Elite Lacrosse Cleat
13025830	FOOTWEAR	Nike Alpha Huarache 7 Elite Lacrosse Cleat
12718992	FOOTWEAR	Nike Alpha Huarache 7 Elite Lacrosse Cleat
12718991	FOOTWEAR	Nike Alpha Huarache 7 Elite Lacrosse Cleat
12719328	FOOTWEAR	Nike Alpha Huarache 7 Elite Lacrosse Cleat
13026654	APPAREL	Nike Swoosh Run Women's 7/8 Running Tights (Plus Size)
13026656	APPAREL	Nike Swoosh Run Women's 7/8 Running Tights (Plus Size)
13009294	FOOTWEAR	Nike Air Max Excee Men's Shoe
13009064	FOOTWEAR	Nike Air Max Excee Men's Shoe
12926472	FOOTWEAR	Nike Air Max Excee Men's Shoe
12926550	FOOTWEAR	Nike Air Max Excee Men's Shoe
12926471	FOOTWEAR	Nike Air Max Excee Men's Shoe
12865272	FOOTWEAR	Nike Air Max Excee Men's Shoe
12865274	FOOTWEAR	Nike Air Max Excee Men's Shoe
12868502	FOOTWEAR	Nike Air Max Excee Men's Shoe
12786238	FOOTWEAR	Nike Air Max Excee Men's Shoe
12786240	FOOTWEAR	Nike Air Max Excee Men's Shoe
12786242	FOOTWEAR	Nike Air Max Excee Men's Shoe
12786254	FOOTWEAR	Nike Air Max Excee Men's Shoe
13019981	EQUIPMENT	Nigeria SNKR Sox Shox Crew Socks (2 Pairs)
13100539	APPAREL	Nike Sportswear Club Fleece N7 Men's Pullover Hoodie
12907909	APPAREL	Nike Spotlight Men's Basketball Pants
12907244	APPAREL	Nike Spotlight Men's Basketball Pants
12800903	APPAREL	Nike Sportswear Women's Capri Pants
12859987	EQUIPMENT	U.S. Prestige Soccer Ball
12459363	FOOTWEAR	Nike PhantomVNM Pro FG Game Over Firm-Ground Soccer Cleat
12459362	FOOTWEAR	Nike PhantomVNM Pro FG Game Over Firm-Ground Soccer Cleat
12942346	APPAREL	NikeCourt Flex Ace Men's Tennis Shorts
13029447	FOOTWEAR	Nike Air Force 1 LV8 Big Kids' Shoe
13029502	FOOTWEAR	Nike Air Force 1 LV8 Big Kids' Shoe
13029532	FOOTWEAR	Nike Air Force 1 LV8 Big Kids' Shoe
13025792	FOOTWEAR	"Kybrid S2 ""Best Of"" Basketball Shoe"
12844331	EQUIPMENT	FFF Skills Soccer Ball
13049173	APPAREL	Los Angeles Lakers Showtime City Edition Men's Nike Therma Flex NBA Hoodie
12437433	APPAREL	San Antonio Spurs Nike x Filip Pagowski Men's NBA T-Shirt
12295493	FOOTWEAR	Nike Air Precision 2 NBK Men's Basketball Shoe
13072027	APPAREL	Indiana Pacers City Edition Nike NBA Swingman Jersey
12916008	EQUIPMENT	Nike Air SNKR SOX Crew Socks (2 Pairs)
12994839	EQUIPMENT	Nike Air SNKR SOX Crew Socks (2 Pairs)
12788822	FOOTWEAR	Zoom Freak 1 Multi Basketball Shoe
12715603	FOOTWEAR	Nike Cortez Basic SE Men's Shoe
12715604	FOOTWEAR	Nike Cortez Basic SE Men's Shoe
13037389	APPAREL	Nike Sportswear Big Kids' (Boys') Swoosh Crew
12545234	FOOTWEAR	Nike Free X Metcon 2 Men's Training Shoe
12647758	FOOTWEAR	Nike Free X Metcon 2 Men's Training Shoe
12545126	FOOTWEAR	Nike Free X Metcon 2 Men's Training Shoe
12545127	FOOTWEAR	Nike Free X Metcon 2 Men's Training Shoe
12951617	APPAREL	Boston Celtics Essential Women's Nike NBA Full-Zip Hoodie
12990764	FOOTWEAR	Nike Air Max 90 Men's Shoe
12927738	APPAREL	Chelsea FC 2020/21 Vapor Match Third Men's Soccer Jersey
11255616	FOOTWEAR	Nike Cortez Basic Shoe
13009774	FOOTWEAR	Nike Air Force 1 GTX Boot Boot
13009775	FOOTWEAR	Nike Air Force 1 GTX Boot Boot
13009773	FOOTWEAR	Nike Air Force 1 GTX Boot Boot
12626701	FOOTWEAR	Nike Air Max 95 SE Men's Shoe
12325265	FOOTWEAR	Nike Air Max 95 SE Men's Shoe
13071793	APPAREL	Dallas Mavericks City Edition Nike NBA Swingman Jersey
12967931	APPAREL	Jordan Flight Men’s Warmup Jacket
12926620	FOOTWEAR	Nike Air Max 270 XX Women's Shoe
12938015	FOOTWEAR	Nike Tiempo Legend 8 Elite Tech Craft FG Firm-Ground Soccer Cleat
12944252	APPAREL	Nike Sportswear Tech Fleece Big Kids' (Girls') Pants
12937609	APPAREL	Nike Sportswear Tech Fleece Big Kids' (Girls') Pants
12933009	APPAREL	Nike Sportswear Tech Fleece Big Kids' (Girls') Pants
12861622	FOOTWEAR	Nike React Presto Men's Shoe
12860235	FOOTWEAR	Nike React Presto Men's Shoe
12861499	FOOTWEAR	Nike React Presto Men's Shoe
12789903	FOOTWEAR	Nike React Presto Men's Shoe
12723226	FOOTWEAR	Nike React Presto Men's Shoe
12790000	FOOTWEAR	Nike React Presto Men's Shoe
12720498	FOOTWEAR	Nike React Presto Men's Shoe
12626682	FOOTWEAR	Nike React Presto Men's Shoe
12790001	FOOTWEAR	Nike React Presto Men's Shoe
12914727	FOOTWEAR	Nike Blazer Mid '77 Vintage Men's Shoe
12860083	APPAREL	Portugal Men's Soccer T-Shirt
12860081	APPAREL	Portugal Men's Soccer T-Shirt
12907594	FOOTWEAR	Nike Air Max 95 Men's Shoe
13061872	APPAREL	Air Jordan Big Kids' (Boys') Top
13061821	APPAREL	Air Jordan Big Kids' (Boys') Top
12965864	FOOTWEAR	Nike Air Flight 89 EMB Men's Shoe
12938779	APPAREL	Nike Dri-FIT Icon Clash Women's 7/8 Training Pants
12975887	APPAREL	Liverpool FC Club Men's Pullover Hoodie
13068408	FOOTWEAR	Nike Blazer Mid '77 Infinite Women's Shoe
13068407	FOOTWEAR	Nike Blazer Mid '77 Infinite Women's Shoe
13068218	FOOTWEAR	Nike Blazer Mid '77 Infinite Women's Shoe
13009238	FOOTWEAR	Nike Victori One Men's Slide
13009253	FOOTWEAR	Nike Victori One Men's Slide
13009266	FOOTWEAR	Nike Victori One Men's Slide
13009267	FOOTWEAR	Nike Victori One Men's Slide
13009261	FOOTWEAR	Nike Victori One Men's Slide
13009247	FOOTWEAR	Nike Victori One Men's Slide
13009252	FOOTWEAR	Nike Victori One Men's Slide
13015431	APPAREL	Miami Heat Showtime City Edition Men's Nike Therma Flex NBA Hoodie
13026665	FOOTWEAR	Nike Woodside 2 High ACG Big Kids' Boot
13026666	FOOTWEAR	Nike Woodside 2 High ACG Big Kids' Boot
12724837	FOOTWEAR	Nike Woodside 2 High ACG Big Kids' Boot
12724838	FOOTWEAR	Nike Woodside 2 High ACG Big Kids' Boot
13019524	FOOTWEAR	Nike Air Force 1 '07 Premium Men's Shoe
12975096	APPAREL	Nike College Dri-FIT DNA (Kentucky) Men's Shorts
12996080	APPAREL	Nike College Spotlight (West Virginia) Men's Pants
12924152	FOOTWEAR	LeBron 17 Low Basketball Shoe
12924042	FOOTWEAR	LeBron 17 Low Basketball Shoe
12924043	FOOTWEAR	LeBron 17 Low Basketball Shoe
12924040	FOOTWEAR	LeBron 17 Low Basketball Shoe
12845070	FOOTWEAR	LeBron 17 Low Basketball Shoe
12845174	FOOTWEAR	LeBron 17 Low Basketball Shoe
12845172	FOOTWEAR	LeBron 17 Low Basketball Shoe
12845171	FOOTWEAR	LeBron 17 Low Basketball Shoe
12788228	FOOTWEAR	LeBron 17 Low Basketball Shoe
12816432	FOOTWEAR	LeBron 17 Low Tune Squad Basketball Shoe
12959015	APPAREL	Warriors Courtside Women's Nike NBA Tracksuit Pants
13072801	APPAREL	Detroit Pistons City Edition Nike NBA Swingman Jersey
12473420	FOOTWEAR	Nike React Element 55 Men's Shoe
12473421	FOOTWEAR	Nike React Element 55 Men's Shoe
12473417	FOOTWEAR	Nike React Element 55 Men's Shoe
12939133	APPAREL	Nike Sportswear Down-Fill Women's Jacket
10737110	FOOTWEAR	Nike Air Mavin Low Men's Basketball Shoe
10737112	FOOTWEAR	Nike Air Mavin Low Men's Basketball Shoe
12860392	APPAREL	A.S. Roma Vapor Match Away Men's Soccer Jersey
12856532	APPAREL	Portugal 2020 Vapor Match Away Men's Soccer Jersey
12947566	FOOTWEAR	Air Jordan 1 Low SE Men's Shoe
13047587	APPAREL	Memphis Grizzlies City Edition Nike NBA Swingman Jersey
12123212	FOOTWEAR	Nike Kawa Little/Big Kids' Slide
13018126	APPAREL	Boston Celtics Showtime City Edition Men's Nike Therma Flex NBA Hoodie
12850062	FOOTWEAR	Nike Air Vapormax 360 Women's Shoe
12850055	FOOTWEAR	Nike Air Vapormax 360 Women's Shoe
12850047	FOOTWEAR	Nike Air Vapormax 360 Women's Shoe
12951294	FOOTWEAR	Nike Blazer Mid Big Kids' Shoe
13026353	FOOTWEAR	Nike Blazer Mid Suede Big Kids' Shoe
13044330	FOOTWEAR	Nike Blazer Mid Big Kids' Shoe
13026470	FOOTWEAR	Nike Blazer Mid Suede Big Kids' Shoe
13026365	FOOTWEAR	Nike Blazer Mid Big Kids' Shoe
13015879	EQUIPMENT	Nike HyperWarm Academy Soccer Gloves
12849925	FOOTWEAR	Nike Jr. Mercurial Vapor 13 Elite Neymar Jr. FG Kids' Firm-Ground Soccer Cleat
12629031	FOOTWEAR	Nike Jr. Mercurial Vapor 13 Elite Neymar Jr. FG Kids' Firm-Ground Soccer Cleat
13014110	FOOTWEAR	Nike Air Max 90 Women's Shoe
13014105	FOOTWEAR	Nike Air Max 90 Women's Shoe
12927475	FOOTWEAR	Nike Air Max 90 Women's Shoe
12861729	FOOTWEAR	Nike Air Max 90 Women's Shoe
12943276	FOOTWEAR	Nike Air Max 90 Women's Shoe
12860267	FOOTWEAR	Nike Air Max 90 Women's Shoe
12861660	FOOTWEAR	Nike Air Max 90 Women's Shoe
12789039	FOOTWEAR	Nike Air Max 90 Women's Shoe
12789040	FOOTWEAR	Nike Air Max 90 Women's Shoe
12789054	FOOTWEAR	Nike Air Max 90 Women's Shoe
12789101	FOOTWEAR	Nike Air Max 90 Women's Shoe
12789097	FOOTWEAR	Nike Air Max 90 Women's Shoe
12995751	APPAREL	Nike College Spotlight (Gonzaga) Men's Pants
12995761	APPAREL	Nike College Club Fleece (Tennessee) Men's Pullover Hoodie
13001363	FOOTWEAR	Nike Air Max Impact Basketball Shoe
12931564	FOOTWEAR	Jordan Crater Shoe
13026635	APPAREL	Nike College (Alabama) Men's Windrunner
12856223	FOOTWEAR	Nike Air Max 90 SE Men's Shoe
12437473	APPAREL	Boston Celtics Nike x Filip Pagowski Men's NBA T-Shirt
12907919	APPAREL	Nike Spotlight Men's Basketball Pants
12907926	APPAREL	Nike Spotlight Men's Basketball Pants
12907898	APPAREL	Nike Spotlight Men's Basketball Pants
13014162	APPAREL	Nike Sportswear Club Fleece Joggers
12644689	APPAREL	Nike Sportswear Club Fleece Joggers
13014176	APPAREL	Nike Sportswear Club Fleece Joggers
12643759	APPAREL	Nike Sportswear Club Fleece Joggers
12946412	APPAREL	Nike Sportswear Club Fleece Joggers
12631135	EQUIPMENT	Oklahoma City Thunder Elite Nike NBA Crew Socks
12934808	FOOTWEAR	Jordan Jumpman Diamond 2 Mid Men's Basketball Shoe
12934932	FOOTWEAR	Jordan Jumpman Diamond 2 Mid Men's Basketball Shoe
12929562	FOOTWEAR	Jordan Jumpman Diamond 2 Mid Men's Basketball Shoe
12902605	FOOTWEAR	Nike Air Max 270 Men's Shoe
13027534	APPAREL	Nike College (LSU) Men's Windrunner
13019523	FOOTWEAR	Nike Air Force 1 '07 Men's Shoe
13019519	FOOTWEAR	Nike Air Force 1 '07 Men's Shoe
12943188	FOOTWEAR	Nike Air Force 1 '07 Men's Shoe
12916006	EQUIPMENT	Milwaukee Bucks Courtside Nike NBA Crew Socks
12940529	APPAREL	Nike Pro Women's High-Rise 7/8 Tights
12454248	FOOTWEAR	Nike Air Max 270 Bowfin Men's Shoe
12715499	FOOTWEAR	Nike Air Max 270 Bowfin Men's Shoe
12325270	FOOTWEAR	Nike Air Max 270 Bowfin Men's Shoe
12847955	FOOTWEAR	"Jordan ""Why Not?"" Zer0.3 Basketball Shoe"
12847868	FOOTWEAR	"Jordan ""Why Not?"" Zer0.3 Basketball Shoe"
12847869	FOOTWEAR	"Jordan ""Why Not?"" Zer0.3 Basketball Shoe"
12847946	FOOTWEAR	"Jordan ""Why Not?"" Zer0.3 Basketball Shoe"
12841664	FOOTWEAR	"Jordan ""Why Not?"" Zer0.3 Basketball Shoe"
13014931	APPAREL	LA Clippers City Edition Logo Men's Nike NBA Pullover Hoodie
10952624	FOOTWEAR	Nike Kawa Women's Slide
12933042	APPAREL	Nike Therma Big Kids' (Girls') Training Pants
12933008	APPAREL	Nike Therma Big Kids' (Girls') Training Pants
13075237	FOOTWEAR	Freak 2 Little Kids' Shoe
13068390	FOOTWEAR	Nike Blazer Mid '77 Vintage Men's Shoe
12631090	EQUIPMENT	Portland Trail Blazers Elite Nike NBA Crew Socks
12940698	FOOTWEAR	Air Jordan 1 Low Big Kids' Shoe
13011558	FOOTWEAR	Air Jordan 1 Low Big Kids' Shoe
12850428	FOOTWEAR	Air Jordan 1 Low Big Kids' Shoe
12951589	APPAREL	Memphis Grizzlies Essential Men's Nike NBA Pullover Hoodie
13025649	FOOTWEAR	Nike ACG Air Nasu Shoe
13025652	FOOTWEAR	Nike ACG Air Nasu Shoe
12995826	APPAREL	Nike College DNA (Duke) Men's Shorts
12715487	FOOTWEAR	Nike Air VaporMax Flyknit 3 Men's Shoe
13174419	FOOTWEAR	Kyrie 6 N7 Shoe
12996970	APPAREL	Jordan Winter Utility Men's Thermal Top
13014911	APPAREL	Los Angeles Lakers City Edition Logo Men's Nike NBA Pullover Hoodie
12923334	FOOTWEAR	Nike Asuna Men's Slide
12923272	FOOTWEAR	Nike Asuna Men's Slide
13055643	FOOTWEAR	Nike Asuna Men's Slide
13055648	FOOTWEAR	Nike Asuna Men's Slide
12923270	FOOTWEAR	Nike Asuna Men's Slide
12863636	FOOTWEAR	Nike Air Max 95 Men's Shoe
13072111	APPAREL	Sacramento Kings City Edition Nike NBA Swingman Jersey
12928578	APPAREL	Jordan 23 Engineered Men's Full-Zip Jacket
12929938	APPAREL	Jordan 23 Engineered Men's Full-Zip Jacket
12930155	APPAREL	Jordan 23 Engineered Men's Full-Zip Jacket
12719636	FOOTWEAR	Alpha Huarache Elite 2 Mid Men's Baseball Cleat
13025958	FOOTWEAR	Nike Phantom GT Elite Dynamic Fit FG Firm-Ground Soccer Cleat
13025948	FOOTWEAR	Nike Phantom GT Elite Dynamic Fit FG Firm-Ground Soccer Cleat
13025949	FOOTWEAR	Nike Phantom GT Elite Dynamic Fit FG Firm-Ground Soccer Cleat
12856218	FOOTWEAR	Nike Air Force 1 '07 Men's Shoe
13046603	FOOTWEAR	Nike Air Force 1 '07 LV8 Men's Shoe
12635592	APPAREL	Jordan Jumpman Men's T-Shirt
13136348	APPAREL	Jordan Jumpman Men's T-Shirt
12708630	APPAREL	Jordan Jumpman Men's T-Shirt
13013637	APPAREL	Nike Air Big Kids' (Boys') Winterized Pants
12935222	FOOTWEAR	Jordan Max 200 Men's Shoe
12855652	FOOTWEAR	Jordan Max 200 Men's Shoe
12855660	FOOTWEAR	Jordan Max 200 Men's Shoe
12855656	FOOTWEAR	Jordan Max 200 Men's Shoe
12935185	FOOTWEAR	Jordan Max 200 Men's Shoe
12864075	FOOTWEAR	Jordan Max 200 Men's Shoe
12855653	FOOTWEAR	Jordan Max 200 Men's Shoe
12794334	FOOTWEAR	Jordan Max 200 Men's Shoe
12745874	FOOTWEAR	Nike ACG React Terra Gobe Men's Shoe
12676798	FOOTWEAR	Nike ACG React Terra Gobe Men's Shoe
12676797	FOOTWEAR	Nike ACG React Terra Gobe Men's Shoe
12746234	FOOTWEAR	Nike ACG React Terra Gobe Men's Shoe
12746233	FOOTWEAR	Nike ACG React Terra Gobe Men's Shoe
12877728	APPAREL	Nike Dri-FIT LeBron Big Kids' (Boys') T-Shirt
12877726	APPAREL	Nike Dri-FIT LeBron Big Kids' (Boys') T-Shirt
13014958	APPAREL	Milwaukee Bucks City Edition Logo Men's Nike NBA Pullover Hoodie
12965004	APPAREL	LeBron James Lakers Statement Edition 2020 Jordan NBA Authentic Jersey
13004192	FOOTWEAR	Kyrie 6 Cross Little Kids' Shoe
12916088	EQUIPMENT	Los Angeles Lakers Courtside Nike NBA Crew Socks
12715587	FOOTWEAR	Jordan Mars 270 Men's Shoe
12715461	FOOTWEAR	Jordan Mars 270 Men's Shoe
12782146	EQUIPMENT	Nike Gym Club Kids' Duffel Bag
11934674	EQUIPMENT	Nike Gym Club Kids' Duffel Bag
12996001	APPAREL	Nike College Dri-FIT DNA (LSU) Men's Shorts
12907192	APPAREL	Nigeria 2020 Stadium Home Men's Soccer Shorts
12246835	FOOTWEAR	Nike SFB Field 2 8” Realtree® GORE-TEX Outdoor Boot
13015013	APPAREL	Philadelphia 76ers City Edition Logo Men's Nike NBA Pullover Hoodie
13064011	APPAREL	New Orleans Pelicans City Edition Nike NBA Swingman Jersey
12856061	FOOTWEAR	Nike React Infinity Pro Golf Shoe (Wide)
12856201	FOOTWEAR	Nike React Infinity Pro Golf Shoe (Wide)
13025472	APPAREL	Nike College (Michigan State) Men's Windrunner
13025821	FOOTWEAR	Nike Alpha Huarache Elite 3 Turf Premium Baseball Shoe
13025828	FOOTWEAR	Nike Alpha Huarache Elite 3 Turf Premium Baseball Shoe
13011393	APPAREL	Golden State Warriors Showtime City Edition Men's Nike Therma Flex NBA Hoodie
12782410	FOOTWEAR	Nike Air Force 1 '07 Men's Shoe
12782405	FOOTWEAR	Nike Air Force 1 '07 Men's Shoe
13047389	FOOTWEAR	Nike React Vision By You Custom Lifestyle Shoe
12862031	APPAREL	Brasil 2020 Vapor Match Away Men's Soccer Jersey
12849615	FOOTWEAR	Air Jordan 1 Low Shoe
13017975	APPAREL	Nike F.C. South Mexico City Men's Soccer Jersey
13071652	FOOTWEAR	Nike Air More Uptempo Big Kids' Shoe
13119436	FOOTWEAR	Nike Air Max 270 Big Kids' Shoe
13119344	FOOTWEAR	Nike Air Max 270 Big Kids' Shoe
12995831	APPAREL	Nike College Spotlight (Duke) Men's Pants
13015103	APPAREL	Atlanta Hawks City Edition Logo Men's Nike NBA Pullover Hoodie
12931329	FOOTWEAR	Air Jordan 1 Mid SE Men's Shoe
12846213	FOOTWEAR	Nike Air Max Tailwind IV SE Men's Shoe
12846199	FOOTWEAR	Nike Air Max Tailwind IV SE Men's Shoe
12946036	APPAREL	Nike Sportswear Tech Pack Down-Fill Men's Coat and Jacket Set
13044888	FOOTWEAR	"Kyrie 7 ""Creator"" Basketball Shoe"
13029957	APPAREL	Nike Player (NFL Steelers) Men's Lightweight Jacket
12631006	EQUIPMENT	Boston Celtics Elite Nike NBA Crew Socks
13025518	APPAREL	Nike College (Texas) Men's Windrunner
12995995	APPAREL	Nike College Club Fleece (Michigan State) Men's Pullover Hoodie
12847700	FOOTWEAR	Nike Zoom Rize Kay Yow Men's Basketball Shoe
13015010	APPAREL	Miami Heat City Edition Logo Men's Nike NBA Pullover Hoodie
12725005	FOOTWEAR	Nike Manoa Baby/Toddler Boot
12725095	FOOTWEAR	Nike Manoa Baby/Toddler Boot
12663450	APPAREL	Stephen Curry Warriors Association Edition Nike NBA Authentic Jersey
12733895	APPAREL	Philadelphia 76ers Courtside Men's Nike NBA Shorts
13015760	APPAREL	Liverpool FC 2020/21 Stadium Third Big Kids' Soccer Shorts
12951579	APPAREL	Nike ACG Men's Graphic T-Shirt
12951578	APPAREL	Nike ACG Men's Graphic T-Shirt
11985612	APPAREL	Nike Dri-FIT Therma Big Kids' (Girls') Training Pants
12717259	FOOTWEAR	Nike Benassi JDI BETRUE Slide
12714486	EQUIPMENT	Nike Elite Christmas Crew Socks
12714388	EQUIPMENT	Nike Elite Christmas Crew Socks
12996000	APPAREL	Nike College Dri-FIT DNA (Florida State) Men's Shorts
12910637	FOOTWEAR	Nike Alpha Menace Shark 2 RW Little/Big Kids' Football Cleat
12801319	FOOTWEAR	Nike Air Force 1 Big Kids' Shoe
12801317	FOOTWEAR	Nike Air Force 1 Big Kids' Shoe
12968385	FOOTWEAR	Nike Jr. Phantom GT Club TF Little/Big Kids' Artificial-Turf Soccer Shoe
13068439	FOOTWEAR	Nike Air Force 1 LV8 Big Kids' Shoe
13072591	APPAREL	Utah Jazz City Edition Nike NBA Swingman Jersey
12928925	APPAREL	Warriors Logo Women's Nike NBA Cropped T-Shirt
12844219	APPAREL	Los Angeles Lakers Essential Women's Nike NBA Full-Zip Hoodie
12940138	FOOTWEAR	Nike Air Max 90 NRG Men's Shoe
12928653	APPAREL	Nike HyperShield Rapid Adapt Men's Convertible Golf Jacket
12942333	APPAREL	Nike SB Skate Crew
12934896	FOOTWEAR	LeBron Soldier 14 (Team) Basketball Shoe
12929534	FOOTWEAR	LeBron Soldier 14 (Team) Basketball Shoe
12285392	EQUIPMENT	Nike Elite NBA Crew Socks
12890783	APPAREL	Nike College Dri-FIT (Kentucky) Men's Shorts
11601311	FOOTWEAR	Nike Cortez Basic Big Kids' (Boys') Shoe
11400196	FOOTWEAR	Nike Cortez Basic Big Kids' (Boys') Shoe
11400192	FOOTWEAR	Nike Cortez Basic Big Kids' (Boys') Shoe
13097221	APPAREL	Jordan AJ11 Graphic Men's Fleece Pants
13028380	APPAREL	Nike Dri-FIT Sideline (NFL Packers) Men's Pullover Hoodie
12964550	APPAREL	Celtics Showtime Men's Nike Therma Flex NBA Pants
12860243	FOOTWEAR	Nike Air Max 95 Essential Men's Shoe
12860339	FOOTWEAR	Nike Air Max 95 Essential Men's Shoe
12996010	APPAREL	Nike College Spotlight (Virginia) Men's Pants
12972952	FOOTWEAR	Nike Air Max 95 Men's Shoe
13072733	APPAREL	LA Clippers City Edition Nike NBA Swingman Jersey
13064016	APPAREL	LA Clippers City Edition Nike NBA Swingman Jersey
12667281	FOOTWEAR	Nike React Element 55 Men's Shoe
12666918	FOOTWEAR	Nike React Element 55 Men's Shoe
12706732	FOOTWEAR	Nike React Element 55 Men's Shoe
12697626	FOOTWEAR	Nike React Element 55 Men's Shoe
12626622	FOOTWEAR	Nike React Element 55 Men's Shoe
12473418	FOOTWEAR	Nike React Element 55 Men's Shoe
13047571	APPAREL	Oklahoma City Thunder City Edition Nike NBA Swingman Jersey
12624450	FOOTWEAR	Nike Benassi JDI Women's Sandal
12926267	FOOTWEAR	Nike Benassi JDI Women's Sandal
12624448	FOOTWEAR	Nike Benassi JDI Women's Sandal
12926266	FOOTWEAR	Nike Benassi JDI Women's Sandal
13015159	APPAREL	Dallas Mavericks City Edition Logo Men's Nike NBA Pullover Hoodie
12995970	APPAREL	Nike College Dri-FIT DNA (Gonzaga) Men's Shorts
13061573	APPAREL	Jordan Jumpman Big Kids' (Boys') Color-Blocked Shorts
12631886	APPAREL	Jordan 23 Engineered Full-Zip Jacket
12946324	FOOTWEAR	PG 4 'Digi-Camo' GE Basketball Shoe
12937664	APPAREL	Nike Sportswear Tech Fleece Big Kids' (Boys') Full-Zip Hoodie
12932866	APPAREL	Nike Sportswear Tech Fleece Big Kids' (Boys') Full-Zip Hoodie
12945851	APPAREL	Nike Sportswear Tech Fleece Big Kids' (Boys') Full-Zip Hoodie
12946113	APPAREL	Nike Sportswear Tech Fleece Big Kids' (Boys') Full-Zip Hoodie
12972562	APPAREL	Nike Sportswear Tech Fleece Big Kids' (Boys') Full-Zip Hoodie
12946084	APPAREL	Nike Sportswear Tech Fleece Big Kids' (Boys') Full-Zip Hoodie
13428396	APPAREL	Jordan Big Kids' (Boys') T-Shirt
12975022	FOOTWEAR	Air Jordan 1 Mid SE Men's Shoe
12543226	FOOTWEAR	Nike Epic React Flyknit 2 Men's Running Shoe
12972954	FOOTWEAR	Nike React Presto Men's Shoe
13149054	APPAREL	Jordan Big Kids' (Boys') Full-Zip Jacket
12929759	FOOTWEAR	Nike Air Max Impact Basketball Shoe
12935381	FOOTWEAR	Nike Air Max Impact Basketball Shoe
12784709	FOOTWEAR	Nike Air Max Impact Basketball Shoe
12784776	FOOTWEAR	Nike Air Max Impact Basketball Shoe
12784775	FOOTWEAR	Nike Air Max Impact Basketball Shoe
12784774	FOOTWEAR	Nike Air Max Impact Basketball Shoe
13072283	APPAREL	Phoenix Suns City Edition Nike NBA Swingman Jersey
12856643	APPAREL	Portugal 2020 Vapor Match Home Men's Soccer Jersey
12940928	FOOTWEAR	Nike Cortez Basic Premium Shoe
13014939	APPAREL	New Orleans Pelicans City Edition Logo Men's Nike NBA Pullover Hoodie
12638897	APPAREL	Nike Sportswear Tech Pack Big Kids' (Boys') Backpack-It
12638971	APPAREL	Nike Sportswear Tech Pack Big Kids' (Boys') Backpack-It
12916075	EQUIPMENT	Boston Celtics Courtside Nike NBA Crew Socks
12964619	APPAREL	Chicago Bulls Showtime Men's Nike Therma Flex NBA Pants
13001162	FOOTWEAR	"Kybrid S2 ""Sashiko"" Basketball Shoe"
12487266	APPAREL	Nike Sportswear Leg-A-See Women's High-Rise Leggings (Plus Size)
12964776	APPAREL	Warriors Showtime Men's Nike Therma Flex NBA Pants
13032401	FOOTWEAR	Nike Air Max Plus 2 Big Kids' Shoe
12855778	FOOTWEAR	Nike Alpha Huarache Elite 2 Turf Women's Softball Shoe
13030224	APPAREL	Nike Player (NFL 49ers) Men's Lightweight Jacket
12988003	APPAREL	Nike Swoosh Women's Medium-Support Non-Padded Graphic Sports Bra (Plus Size)
12988004	APPAREL	Nike Swoosh Women's Medium-Support Non-Padded Graphic Sports Bra (Plus Size)
12987925	APPAREL	Nike Swoosh Women's Medium-Support Non-Padded Graphic Sports Bra (Plus Size)
13009827	FOOTWEAR	Nike Air Zoom-Type Men's Shoe
12940798	FOOTWEAR	Nike Air Zoom-Type Men's Shoe
12940809	FOOTWEAR	Nike Air Zoom-Type Men's Shoe
12848169	FOOTWEAR	Nike Air Zoom-Type Men's Shoe
12940808	FOOTWEAR	Nike Air Zoom-Type Men's Shoe
12848167	FOOTWEAR	Nike Air Zoom-Type Men's Shoe
12936205	FOOTWEAR	Jordan 1 Mid SE Baby/Toddler Shoe
13015070	APPAREL	San Antonio Spurs City Edition Logo Men's Nike NBA Pullover Hoodie
13015071	APPAREL	Utah Jazz City Edition Logo Men's Nike NBA Pullover Hoodie
13009191	FOOTWEAR	Nike Air Max Excee Men's Shoe
12975233	APPAREL	Nike College Dri-FIT DNA (UNC) Men's Shorts
13013183	APPAREL	Nike Men's Training Shorts
13013290	APPAREL	Nike Men's Training Shorts
13025773	FOOTWEAR	"Nike Air Zoom BB NXT ""Sisterhood"" Basketball Shoe"
12951601	APPAREL	Rockets Courtside Men's Nike NBA Pullover Hoodie
12927473	FOOTWEAR	Nike Air Max 95 Essential Men's Shoe
12927469	FOOTWEAR	Nike Air Max 95 Essential Men's Shoe
12867862	FOOTWEAR	Freak 1 Big Kids' Shoe
12725236	FOOTWEAR	Nike Air Force 1 LV8 3 Big Kids' Shoe
12940849	FOOTWEAR	Nike Air Force 1 '07 Men's Shoe
12940826	FOOTWEAR	Nike Air Force 1 '07 Men's Shoe
12941047	EQUIPMENT	Nike Goalkeeper Phantom Shadow Soccer Gloves
12835855	APPAREL	Nike ACG Logo T-Shirt
12501299	APPAREL	Nike ACG Logo T-Shirt
12951672	APPAREL	Nike ACG Logo T-Shirt
12473532	APPAREL	Nike ACG Logo T-Shirt
12836010	APPAREL	Nike ACG Logo T-Shirt
12951620	APPAREL	Nike ACG Logo T-Shirt
12747765	APPAREL	Nike ACG Logo T-Shirt
12951673	APPAREL	Nike ACG Logo T-Shirt
13017921	APPAREL	Nike F.C. Men's Pullover Fleece Soccer Hoodie
13025471	APPAREL	Nike College (Michigan) Men's Windrunner
12968468	FOOTWEAR	Nike Metcon 6 Men's Training Shoe
13025771	FOOTWEAR	Nike Metcon 6 Men's Training Shoe
12934790	FOOTWEAR	Nike Metcon 6 Men's Training Shoe
12934866	FOOTWEAR	Nike Metcon 6 Men's Training Shoe
12934856	FOOTWEAR	Nike Metcon 6 Men's Training Shoe
12983813	FOOTWEAR	Nike Metcon 6 Men's Training Shoe
13025769	FOOTWEAR	Nike Metcon 6 Men's Training Shoe
12857823	APPAREL	Nike Sportswear Tech Pack Men's Woven Jacket
12934912	FOOTWEAR	Mamba Fury Basketball Shoe
13025810	FOOTWEAR	Mamba Fury Basketball Shoe
12849696	FOOTWEAR	Mamba Fury Basketball Shoe
12849764	FOOTWEAR	Mamba Fury Basketball Shoe
12849775	FOOTWEAR	Mamba Fury Basketball Shoe
12929573	FOOTWEAR	Mamba Fury Basketball Shoe
12325196	FOOTWEAR	Nike ACG Air Revaderchi Men's Shoe
12325325	FOOTWEAR	Nike ACG Air Revaderchi Men's Shoe
12325240	FOOTWEAR	Nike ACG Air Revaderchi Men's Shoe
13075087	FOOTWEAR	Nike Revolution 5 Women's Running Shoe
13087198	FOOTWEAR	Nike Revolution 5 Women's Running Shoe
12990649	FOOTWEAR	Nike Air Force 1 Big Kids' Shoe
13047495	APPAREL	Portland Trail Blazers City Edition Logo Men's Nike NBA Pullover Hoodie
12794015	APPAREL	England 2020 Vapor Match Home Men's Soccer Jersey
12936475	APPAREL	Tottenham Hotspur 2020/21 Vapor Match Third Men's Soccer Jersey
12814751	APPAREL	Nike Sportswear Women's Woven Jacket
13027435	FOOTWEAR	LeBron 18 Big Kids' Basketball Shoe
13056382	FOOTWEAR	LeBron 18 Big Kids' Basketball Shoe
13034110	FOOTWEAR	LeBron 18 Big Kids' Basketball Shoe
12437424	APPAREL	Toronto Raptors Nike x Filip Pagowski Men's NBA T-Shirt
12871709	FOOTWEAR	Nike React Presto Big Kids' Shoe
12799260	FOOTWEAR	Nike React Presto MC Big Kids' Shoe
12644745	APPAREL	Nike Air Big Kids' Crew
12924297	FOOTWEAR	Nike Alpha Huarache 3 Turf Big Kids' Baseball Shoe
12951257	APPAREL	Golden State Warriors Courtside Men's Nike NBA Tracksuit Pants
13001155	FOOTWEAR	"Kyrie Low 3 ""Sashiko"" Basketball Shoe"
13015752	APPAREL	Nike Sportswear Men's Punk Pants
13010843	FOOTWEAR	Jordan Sky Elation Big Kids' Shoe
12437416	APPAREL	Golden State Warriors Nike x Filip Pagowski Men's NBA T-Shirt
12942479	APPAREL	NikeCourt Men's Tennis Jacket
12942302	APPAREL	NikeCourt Men's Tennis Jacket
12437443	APPAREL	Minnesota Timberwolves Nike x Filip Pagowski Men's NBA T-Shirt
12715754	FOOTWEAR	Nike Air Max 270 React Women's Shoe
13025858	FOOTWEAR	LeBron 18 Basketball Shoe
13012445	FOOTWEAR	Jordan Max Aura 2 Men's Shoe
13012447	FOOTWEAR	Jordan Max Aura 2 Men's Shoe
12924773	FOOTWEAR	Jordan Max Aura 2 Men's Shoe
12924760	FOOTWEAR	Jordan Max Aura 2 Men's Shoe
12948631	FOOTWEAR	Jordan Max Aura 2 Men's Shoe
12861169	APPAREL	Brazil Men's Soccer Shorts
13047512	APPAREL	LA Clippers City Edition 2020 Men's Nike NBA Swingman Shorts
10112387	FOOTWEAR	Nike Manoa Men's Boot
12822601	FOOTWEAR	LeBron 7 Big Kids' Shoe
12932870	APPAREL	Nike Sportswear Tech Fleece Big Kids' (Girls') Full-Zip Hoodie
12944382	APPAREL	Nike Sportswear Tech Fleece Big Kids' (Girls') Full-Zip Hoodie
12937697	APPAREL	Nike Sportswear Tech Fleece Big Kids' (Girls') Full-Zip Hoodie
12713227	FOOTWEAR	Nike Air Max Camden Men's Slide
12926720	FOOTWEAR	Nike Air Max Camden Men's Slide
12785194	FOOTWEAR	Nike Air Max Camden Men's Slide
12829054	FOOTWEAR	Nike Air Max Camden Men's Slide
12713238	FOOTWEAR	Nike Air Max Camden Men's Slide
12944726	FOOTWEAR	Kyrie Flytrap 3 SE Little Kids' Shoe
12628523	FOOTWEAR	Nike Force Trout 6 Keystone Little/Big Kids' Baseball Cleat
12638783	APPAREL	Nike Sportswear Tech Pack Big Kids' Full-Zip Hoodie
12809876	FOOTWEAR	Zoom Freak 1 Employee of the Month Basketball Shoe
12850024	FOOTWEAR	Jordan Maxin 200 Men's Shoe
12850033	FOOTWEAR	Jordan Maxin 200 Men's Shoe
12850034	FOOTWEAR	Jordan Maxin 200 Men's Shoe
12850028	FOOTWEAR	Jordan Maxin 200 Men's Shoe
12850022	FOOTWEAR	Jordan Maxin 200 Men's Shoe
12926436	FOOTWEAR	Jordan Maxin 200 Men's Shoe
12926527	FOOTWEAR	Jordan Maxin 200 Men's Shoe
12789177	FOOTWEAR	Nike Air Max 90 Men's Shoe
12789088	FOOTWEAR	Nike Air Max 90 Men's Shoe
12788921	FOOTWEAR	Nike Air Max 90 Men's Shoe
12789084	FOOTWEAR	Nike Air Max 90 Men's Shoe
12931573	FOOTWEAR	Jordan 1 Mid SE Little Kids' Shoe
12948884	FOOTWEAR	Jordan 1 Mid SE Little Kids' Shoe
12916180	EQUIPMENT	Chicago Bulls Courtside Nike NBA Crew Socks
12437444	APPAREL	Orlando Magic Nike x Filip Pagowski Men's NBA T-Shirt
12997659	FOOTWEAR	"Air Jordan XXXIV Tatum PE ""Zoo"" Big Kids' Basketball Shoe"
13120853	APPAREL	Jordan Big Kids' (Girls') Pants
12585327	APPAREL	Nike Dri-FIT Women's 1/2-Zip Printed Running Jacket (Plus Size)
13025849	FOOTWEAR	Nike Alpha Huarache 7 Pro TF Turf Lacrosse Cleat
13025633	FOOTWEAR	Nike Alpha Huarache 7 Pro TF Turf Lacrosse Cleat
13036723	FOOTWEAR	Nike Alpha Huarache 7 Pro TF Turf Lacrosse Cleat
12719330	FOOTWEAR	Nike Alpha Huarache 7 Pro TF Turf Lacrosse Cleat
12725229	FOOTWEAR	Nike Manoa LTR Big Kids' Boot
12725165	FOOTWEAR	Nike Manoa LTR Big Kids' Boot
13028383	APPAREL	Nike Showout (NFL Rams) Men's Short-Sleeve Hoodie
12993801	FOOTWEAR	LeBron 7 Big Kids' Shoe
12655121	APPAREL	Nike x Gyakusou ½-Zip Hooded Jacket
11607737	FOOTWEAR	Nike Cortez Basic SL Little Kids' Shoe
11456256	FOOTWEAR	Nike Cortez Basic SL Little Kids' Shoe
11456194	FOOTWEAR	Nike Cortez Basic SL Little Kids' Shoe
12544565	FOOTWEAR	Nike React Element 87 Men's Shoe
12437278	FOOTWEAR	Nike React Element 87 Men's Shoe
12350239	FOOTWEAR	Nike React Element 87 Men's Shoe
12816268	APPAREL	Portugal 2020 Stadium Away Big Kids' Soccer Jersey
12872292	FOOTWEAR	Nike Air Force 1 LV8 Big Kids' Shoe
13317912	EQUIPMENT	Nike Little Kids Crew Socks (6 Pairs)
13317909	EQUIPMENT	Nike Little Kids Crew Socks (6 Pairs)
13046116	FOOTWEAR	Nike Air Force 1 Big Kids' Shoe
12881163	APPAREL	Inter Milan Men's Short-Sleeve Soccer Top
12792292	APPAREL	Nike 50 Joggers
13053095	FOOTWEAR	Nike Blazer Mid '77 Vintage Men's Shoe
12993093	APPAREL	Tottenham Hotspur AWF Men's Soccer Jacket
13011391	APPAREL	Chicago Bulls Showtime City Edition Men's Nike Therma Flex NBA Hoodie
13013366	APPAREL	Nike Sportswear Windrunner Big Kids' (Boys') Jacket
13013190	APPAREL	Nike Sportswear Windrunner Big Kids' (Boys') Jacket
12964705	APPAREL	Brooklyn Nets Showtime Men's Nike Therma Flex NBA Pants
12927465	FOOTWEAR	Nike Air Max III Men's Shoe
13130696	APPAREL	Nike Sportswear Windrunner Little Kids' Full-Zip Jacket
12521042	APPAREL	Nike Sculpt Women's Training Crops
11786484	FOOTWEAR	Nike Presto Big Kids' Shoe
11062980	FOOTWEAR	Nike Presto Big Kids' Shoe
12916087	EQUIPMENT	Houston Rockets Courtside Nike NBA Crew Socks
12944792	APPAREL	Nike Dri-FIT LeBron Logo Men's Basketball T-Shirt
12944655	APPAREL	Nike Dri-FIT LeBron Logo Men's Basketball T-Shirt
13013847	FOOTWEAR	Nike Metcon 6 Women's Training Shoe
12942280	FOOTWEAR	Nike Metcon 6 Women's Training Shoe
12935208	FOOTWEAR	Nike Metcon 6 Women's Training Shoe
12935226	FOOTWEAR	Nike Metcon 6 Women's Training Shoe
12935326	FOOTWEAR	Nike Metcon 6 Women's Training Shoe
12935158	FOOTWEAR	Nike Metcon 6 Women's Training Shoe
13025817	FOOTWEAR	LeBron Witness 5 Basketball Shoe
13026114	FOOTWEAR	LeBron Witness 5 Basketball Shoe
13025794	FOOTWEAR	LeBron Witness 5 Basketball Shoe
12933481	APPAREL	Nike Sportswear Big Kids' Shorts
11255575	FOOTWEAR	Nike Classic Cortez Women's Shoe
0	query	air force 1
1	query	Jordan 1
2	query	Jordan
3	query	Air max
4	query	air max 270
5	query	vapormax
6	query	socks
7	query	air max 90
8	query	Slides
9	query	air max 97
10	query	air force
11	query	Blazer
12	query	sweatpants
13	query	Shoes
14	query	Hoodies
15	query	air jordan 1
16	query	Joggers
17	query	kobe
18	query	Metcon
19	query	Air Jordan
20	query	pegasus
21	query	jordan 11
22	query	shorts
23	query	Lebron
24	query	Huarache
25	query	ACG
26	query	air max 95
27	query	Cortez
28	query	Jordan 4
29	query	women's running shoe
30	query	soccer cleats
31	query	nike tech
32	query	face mask
33	query	nike react
34	query	Golf
35	query	tech fleece
36	query	Nike pro
37	query	vapor max
38	query	Foamposite
39	query	basketball shoe
40	query	sandals and slides
41	query	men's basketball shoe
42	query	boots
43	query	Lebron James
44	query	Dunk
45	query	Presto
46	query	Mask
47	query	hoodie
48	query	jordans
49	query	nike air max
